"","Murder","Assault","UrbanPop","Rape"
"Murder",18.9704653061224,291.062367346939,4.38620408163265,22.991412244898
"Assault",291.062367346939,6945.16571428572,312.275102040816,519.26906122449
"UrbanPop",4.38620408163265,312.275102040816,209.518775510204,55.768081632653
"Rape",22.991412244898,519.26906122449,55.768081632653,87.7291591836735
