"Variable","Mean","SD"
"Murder",7.788,4.35550976420929
"Assault",170.76,83.3376608400171
"UrbanPop",65.54,14.4747634008368
"Rape",21.232,9.36638453105965
