"","PC1","PC2","PC3","PC4"
"Murder",0.0417043206282872,-0.04482165626967,0.0798906594208107,-0.994921731246978
"Assault",0.995221281426497,-0.0587600278572229,-0.0675697350838043,0.03893829763516
"UrbanPop",0.0463357461197107,0.97685747990989,-0.200546287353865,-0.0581691430589318
"Rape",0.0751555005855469,0.200718066450337,0.974080592182492,0.0723250196376096
