"","Murder","Assault","UrbanPop","Rape"
"Murder",1,0.80187331172494,0.0695726217359934,0.563578832957719
"Assault",0.80187331172494,1,0.258871701952999,0.665241229700408
"UrbanPop",0.0695726217359934,0.258871701952999,1,0.411341235624099
"Rape",0.563578832957719,0.665241229700408,0.411341235624099,1
